dataset,model,eval_metrics/MSE[mean],eval_metrics/MSE[0.5],eval_metrics/MAE[0.5],eval_metrics/MASE[0.5],eval_metrics/MAPE[0.5],eval_metrics/sMAPE[0.5],eval_metrics/MSIS,eval_metrics/RMSE[mean],eval_metrics/NRMSE[mean],eval_metrics/ND[0.5],eval_metrics/mean_weighted_sum_quantile_loss,domain,num_variates
bitbrains_fast_storage/5T/long,tafsut,5975721.72976563,5975721.72976563,412.5394610428053,0.8870208760792462,6.869518677501955,0.7690487475839546,16.252108236022604,2444.5289382139927,6.46015921031572,1.090218469993446,0.7814473186385199,Web/CloudOps,2
bitbrains_fast_storage/5T/medium,tafsut,4679274.724159058,4679274.724159058,316.777693134932,0.9688977910888567,6.430132874130268,0.743791310968946,21.308416290653813,2163.1631293453247,6.572286039411408,0.9624579773684302,0.7184900733458928,Web/CloudOps,2
bitbrains_fast_storage/5T/short,tafsut,2060365.6612097814,2060365.6612097814,163.99488173046257,0.6832898364547655,2.4986646109475115,0.6780002797348059,13.928155377318644,1435.3973879068408,4.506792999707539,0.5149033927451193,0.4108318027032061,Web/CloudOps,2
bitbrains_fast_storage/H/short,tafsut,2572213.456442948,2572213.456442948,252.55531278650318,0.9475766538081591,2.227297977243011,0.5252740470035802,20.84357064303423,1603.8121637033896,4.571386022889811,0.7198647404025452,0.583826179163808,Web/CloudOps,2
bitbrains_rnd/5T/long,tafsut,3239945.8731416003,3239945.8731416003,214.23296312547367,3.303981180493203,3.7862578940466096,0.6613575839507312,120.99072349324217,1799.9849646987611,6.89533476106452,0.8206779648585298,0.7021255014167089,Web/CloudOps,2
bitbrains_rnd/5T/medium,tafsut,3799763.361678593,3799763.361678593,230.26749597964724,4.392533075505986,3.4854588354506704,0.6763482601616079,159.90901527050102,1949.2981715680628,8.201690600996471,0.9688526799222531,0.7956059971701944,Web/CloudOps,2
bitbrains_rnd/5T/short,tafsut,1677648.7740595648,1677648.7740595648,114.60156168877141,1.6449278028904628,1.3317009837534788,0.6192400703214991,52.63194087119957,1295.2408170141816,5.299750674492436,0.4689164330522351,0.3996998521531399,Web/CloudOps,2
bitbrains_rnd/H/short,tafsut,1962563.2817015473,1962563.2817015473,152.5454264524104,5.858398043065061,1.2452585782503816,0.5047434775208085,194.85319011502764,1400.915158637934,6.131090711810472,0.6676134821475374,0.6123081622188462,Web/CloudOps,2
bizitobs_application/10S/long,tafsut,6145920.568888889,6145920.568888889,1516.922361111111,3.139976786483203,0.045460832383897566,0.046589541965060766,38.899937957584825,2479.096724391545,0.09560885142697599,0.05850163215609324,0.05181639942735763,Web/CloudOps,2
bizitobs_application/10S/medium,tafsut,4220577.706666667,4220577.706666667,1134.7034375,2.2718759940412285,0.03262472152709961,0.03349233627319336,15.280127996995791,2054.404465208024,0.08067041687509714,0.0445564643588632,0.03687048065541554,Web/CloudOps,2
bizitobs_application/10S/short,tafsut,397967.8222222222,397967.8222222222,323.3852430555556,1.0060293721318811,0.014407325320773655,0.014495249854193794,6.272693551299395,630.8469087046573,0.02432924370158002,0.012471676216894514,0.01007593641278497,Web/CloudOps,2
bizitobs_l2c/5T/long,tafsut,69.97877976190476,69.97877976190476,5.083918030753968,0.5062685772483914,0.4111871123823781,0.721841052827381,2.8414198334852805,8.365332017433902,0.4697008865850818,0.2854543969557261,0.2304107755257544,Web/CloudOps,7
bizitobs_l2c/5T/medium,tafsut,79.80154655612245,79.80154655612245,5.409602532419218,0.5267282098269113,0.3723091752855573,0.6382704546662415,3.4816080252435357,8.93317113661898,0.47001616975687016,0.28462464485563044,0.23034131146882,Web/CloudOps,7
bizitobs_l2c/5T/short,tafsut,20.496795944940477,20.496795944940477,2.742529296875,0.28336555161447796,0.15392664038924675,0.20982230050223213,1.9043136007047594,4.527338726552331,0.15548713715400428,0.0941895569755198,0.074679481813577,Web/CloudOps,7
bizitobs_l2c/H/long,tafsut,83.98685515873017,83.98685515873017,5.518617466517857,0.6003527565807397,0.6628708068244604,0.7982062445746527,4.847119084433746,9.164434251972686,0.5597900942965749,0.33709308256576526,0.27275761770772355,Web/CloudOps,7
bizitobs_l2c/H/medium,tafsut,77.39204799107142,77.39204799107142,4.91595458984375,0.4966443801161558,0.47109276063393923,0.77367677234468,3.7399738827372673,8.79727503213759,0.53268836548937,0.2976685173212711,0.2423084234751483,Web/CloudOps,7
bizitobs_l2c/H/short,tafsut,53.66543433779762,53.66543433779762,4.354856945219494,0.4362731806853571,0.37843538645645985,0.6096163552904886,3.0330959529353163,7.325669548771472,0.39487235004274446,0.23473794232872147,0.18641518017473127,Web/CloudOps,7
bizitobs_service/10S/long,tafsut,128550.42708994709,128550.42708994709,77.63885582010582,1.379929733098159,0.08803075396825397,0.09067286577174273,16.448130224365073,358.53929643756913,0.26561737301415117,0.05751734644336763,0.0522156528644292,Web/CloudOps,2
bizitobs_service/10S/medium,tafsut,11095.263492063492,11095.263492063492,34.24184771825397,1.0391894335063887,0.06950285412016369,0.06601654052734375,8.482684814898477,105.3340566581554,0.07927689324953156,0.025771221505656892,0.020653247525865247,Web/CloudOps,2
bizitobs_service/10S/short,tafsut,2082.8171428571427,2082.8171428571427,18.540370370370372,0.7644713184908388,0.057826334635416664,0.050230774248718586,5.721579120273396,45.63789152510382,0.03381000904851627,0.013735299091112846,0.01090277366951662,Web/CloudOps,2
car_parts/M/short,tafsut,1.398431661643085,1.398431661643085,0.4518409182671549,0.8273814647389611,0.8454296991848639,1.903965137642705,16.31451697566282,1.1825530269899465,2.8356408519124967,1.0834681719645987,0.9561755671041635,Sales,1
covid_deaths/D/short,tafsut,292757.1408521303,292757.1408521303,91.07141290726817,31.738873250090162,0.08429188372750793,0.11970510824852044,487.6726634652674,541.0703658972004,0.20358035832003518,0.034266062310823485,0.029453109095707215,Healthcare,1
electricity/15T/long,tafsut,350774.33042642643,350774.33042642643,60.39703303303303,0.8951846642078822,0.1325843669105812,0.12978366832279434,7.587049936475695,592.2620454042504,0.9343658901524494,0.09528371431256974,0.0772145790561378,Energy,1
electricity/15T/medium,tafsut,276655.77744144143,276655.77744144143,54.82516666666667,0.8460576073920597,0.12862756210230927,0.12794889234699638,7.644252139601864,525.9807766843209,0.9063179280038106,0.09446929176580705,0.07670226008150195,Energy,1
electricity/15T/short,tafsut,153922.35243243244,153922.35243243244,55.29738738738739,1.0492342882272163,0.17085877685792822,0.1666773409270551,13.426791237348052,392.3293927714726,0.773358553958829,0.10900204862428202,0.09111646536727491,Energy,1
electricity/D/short,tafsut,1182081376.4774053,1182081376.4774053,4135.166846846847,1.3746154883083974,0.27926093973424376,0.0907799570763438,11.41909381933276,34381.410332873274,0.5650007741706632,0.06795452679727454,0.05390254470551607,Energy,1
electricity/H/long,tafsut,5027377.951519519,5027377.951519519,239.06887687687689,1.1057893907060612,0.27824094785059633,0.13409263547112554,9.339967953475012,2242.1815161845216,0.8843158273522342,0.09428870505065144,0.07519682605130386,Energy,1
electricity/H/medium,tafsut,4425451.981261261,4425451.981261261,227.52959459459458,1.0468179305918734,0.22252763706846837,0.12540207769508344,8.92640089797172,2103.675826086629,0.8211340216870958,0.08881230118513528,0.07128589014605499,Energy,1
electricity/H/short,tafsut,1322329.4846846848,1322329.4846846848,164.28699324324324,0.9216090013170943,0.16180265674364777,0.12064795003442594,10.644895940738486,1149.9258605165312,0.5428470705561901,0.07755518514256173,0.06444099177860968,Energy,1
electricity/W/short,tafsut,36162680724.98739,36162680724.98739,25512.836036036035,1.4115336502687192,0.15448460225386387,0.08748514370112777,11.251250852256051,190164.87773768159,0.43389351065245274,0.05821187448528812,0.047246026063657215,Energy,1
ett1/15T/long,tafsut,11.69665054563492,11.69665054563492,1.6882758246527778,1.044288266099373,0.8351174041730451,0.38947358630952383,9.053592162851196,3.420036629282634,0.6518623630772785,0.321787041449097,0.26127858558129385,Energy,7
ett1/15T/medium,tafsut,11.631432291666666,11.631432291666666,1.694705326140873,1.0330845966287963,0.8241733962156306,0.3887439158606151,8.18313203507898,3.4104885708160153,0.6500424936929686,0.3230125107898501,0.2609799873415788,Energy,7
ett1/15T/short,tafsut,5.344544619605655,5.344544619605655,1.1126463390531993,0.6897645627704966,0.46104808305259826,0.24920636131649926,5.038558172614651,2.3118271171533684,0.43703155530793686,0.2103364721592384,0.16435612203698616,Energy,7
ett1/D/short,tafsut,43192.374603174605,43192.374603174605,138.95902777777778,1.6824813903802611,1.5212952628968255,0.461480470687624,10.66485487887289,207.827752244917,0.545866484988246,0.3649804957763757,0.27746353747442093,Energy,7
ett1/H/long,tafsut,162.99383267195768,162.99383267195768,7.868398127480159,1.483486637007993,4145893949670.822,0.49941709811094576,9.18180342616365,12.766903801312113,0.6113793718509377,0.37680054455783624,0.2850919473602165,Energy,7
ett1/H/medium,tafsut,143.8849795386905,143.8849795386905,7.253388323102679,1.3346408032152193,3008338717773.644,0.45569312686011904,8.279222445180705,11.995206523386353,0.5745419579334349,0.34742010658024425,0.2654369752151437,Energy,7
ett1/H/short,tafsut,95.767578125,95.767578125,4.936758277529762,0.8194966329979899,0.45471067882719496,0.26723291306268604,5.730896837369441,9.786091054399606,0.4567569060655897,0.23041870592696279,0.17970239435370491,Energy,7
ett1/W/short,tafsut,1516144.5714285714,1516144.5714285714,944.9515206473214,1.612373645314427,0.6963025501796177,0.5568592888968331,8.870646447061205,1231.3182250858513,0.48997091055591774,0.37601876393122136,0.2768368581065282,Energy,7
ett2/15T/long,tafsut,11.34201884920635,11.34201884920635,2.1222225322420636,0.8770121688781024,0.13073118136764647,0.158364742218502,6.766879658210563,3.3677913903931684,0.1794756993385677,0.11309708024455284,0.0911533196175899,Energy,7
ett2/15T/medium,tafsut,11.596649305555555,11.596649305555555,2.124278583829365,0.8784762504683562,0.13146757392896372,0.15861171177455358,6.37550451828468,3.4053853387767377,0.18147914889790973,0.11320665095536342,0.08983585895359701,Energy,7
ett2/15T/short,tafsut,7.823975771949405,7.823975771949405,1.7441618419828868,0.7396901122980264,0.10112363955655346,0.12415440877278645,5.312315802796237,2.797137067065074,0.13279004726530289,0.08280156741773893,0.06614260605498198,Energy,7
ett2/D/short,tafsut,107346.05714285714,107346.05714285714,194.07566964285715,1.2814132897521442,0.43117535303509424,0.13258306109716023,12.013082734732526,327.6370814527213,0.18751534612820242,0.11107462625043095,0.09350795657519358,Energy,7
ett2/H/long,tafsut,226.94421296296295,226.94421296296295,9.206427744708995,1.0131151343165181,0.17808323356466785,0.1727610431650959,7.553661053446011,15.064667701710613,0.20629902955036436,0.1260749421736896,0.10171971929297352,Energy,7
ett2/H/medium,tafsut,236.717578125,236.717578125,9.373892647879464,1.0171893074755016,0.17377431980254263,0.1665325709751674,7.187716450916602,15.385628947982594,0.20733124420179982,0.12631923155496289,0.10243296693202028,Energy,7
ett2/H/short,tafsut,106.92165178571429,106.92165178571429,6.387715076264881,0.73826616507187,0.1216958774186261,0.11109051477341425,5.128936487838793,10.34029263540033,0.13114368148171554,0.0810140003668476,0.06433997318808987,Energy,7
ett2/W/short,tafsut,5060571.428571428,5060571.428571428,1578.6928013392858,1.0176630124324086,0.16347122192382812,0.18497988155909947,7.668497961083739,2249.5713877473254,0.18870455140066836,0.13242812319662003,0.10204325351172716,Energy,7
hierarchical_sales/D/short,tafsut,28.527201322860687,28.527201322860687,2.3116535112649856,0.7466178307559324,0.644775700412389,1.0710168845597354,7.0026979826751345,5.341086155723449,1.6385860836148871,0.7091896972377583,0.5744897514782044,Sales,1
hierarchical_sales/W/short,tafsut,467.426906779661,467.426906779661,8.98442775920286,0.719323910122155,0.5346424060247824,0.4562429654396186,6.776098491689796,21.620057973549955,0.9925874367226115,0.41247947303549065,0.35382095187035184,Sales,1
hospital/M/short,tafsut,2873.4741416775314,2873.4741416775314,17.871292372881356,0.7629193935238106,0.19232506650471262,0.17453969783857562,5.1254344684868345,53.6047958831813,0.19459785684910547,0.06487694128087561,0.050840295456848664,Healthcare,1
jena_weather/10T/long,tafsut,1460.078835978836,1460.078835978836,9.966296709656085,0.6585220848082103,0.7919791464758271,0.6573973317625661,5.670295716076693,38.21097795109196,0.23381952617519527,0.06098547850190784,0.04967106471614296,Nature,21
jena_weather/10T/medium,tafsut,1488.3233766233766,1488.3233766233766,9.76654153138528,0.6174341571570036,0.7586336289362744,0.6608859944309163,5.7541824238884605,38.578794390485776,0.23675740165728773,0.05993709841588575,0.04911330327697465,Nature,21
jena_weather/10T/short,tafsut,863.8526785714286,863.8526785714286,5.929787868923611,0.285145523910685,0.38178804345756673,0.5534908234126984,2.138065964562764,29.391370818174313,0.1825572496146332,0.03683141459599856,0.029419162962203777,Nature,21
jena_weather/D/short,tafsut,338.8468501984127,338.8468501984127,8.964561631944445,0.9969784432727227,0.5623687382680309,0.44551207527281744,6.5392433356396555,18.407793191972054,0.11084500115859908,0.053981312920908624,0.04319447292534049,Nature,21
jena_weather/H/long,tafsut,1126.5914021164022,1126.5914021164022,10.118501984126985,0.7464366287242936,1.769604747935133,0.6279998294890873,5.851519854026481,33.56473450090738,0.2020968889264755,0.06092459249255052,0.04995580128316282,Nature,21
jena_weather/H/medium,tafsut,1324.7534722222222,1324.7534722222222,10.179413132440477,0.6944232173546657,1.8857028608570308,0.6496587844122024,6.135484011626544,36.39716296941593,0.22272069535934313,0.06228963430782346,0.05013896456354337,Nature,21
jena_weather/H/short,tafsut,1139.6537176274019,1139.6537176274019,8.646189040309107,0.5201833335624577,1.2866481652943795,0.6087574588326284,4.62207245444362,33.75875764342346,0.20693901107317114,0.05300058220305444,0.04239350243835372,Nature,21
kdd_cup_2018/D/short,tafsut,2848.372897134118,2848.372897134118,20.989331903717,1.1880817371474452,0.5407625070649644,0.4609984742793736,8.973451815076583,53.370149869886234,1.1955479903980628,0.47018330730687713,0.3686945153820005,Nature,1
kdd_cup_2018/H/long,tafsut,4078.8699386574954,4078.8699386574954,24.1980317082745,1.029257085451589,1.0218782047525565,0.6199242391508135,8.311223508482055,63.866031179786766,1.4985551673648263,0.5677836055666695,0.4508277096320972,Nature,1
kdd_cup_2018/H/medium,tafsut,5392.459654311453,5392.459654311453,25.991868991149357,1.0730214447237496,0.8645694585858674,0.5925458987331774,9.515768653117833,73.43336880677239,1.5370934031524315,0.5440568914525047,0.4406454688963237,Nature,1
kdd_cup_2018/H/short,tafsut,4708.990552583888,4708.990552583888,22.881852448298105,0.9549055024661298,0.8064805996743571,0.5160132372977669,8.056123197101558,68.62208502066873,1.436384519868404,0.4789586127082683,0.3867236602083557,Nature,1
loop_seattle/5T/long,tafsut,75.90020410503382,75.90020410503382,4.815677674578604,0.7624595393583635,0.1413796708376333,0.10999243026889118,6.453213844236254,8.71207231977753,0.15403119691130632,0.08514215320165526,0.06839977705005401,Transport,1
loop_seattle/5T/medium,tafsut,65.33813209494323,65.33813209494323,4.557361326109391,0.7252565898727406,0.13680311330946854,0.10470903678083075,5.702775065606606,8.083200609594149,0.1438167801826345,0.08108484048657333,0.06467707918884523,Transport,1
loop_seattle/5T/short,tafsut,43.09046697626419,43.09046697626419,3.5013665828173375,0.5556691310817433,0.09034197702004322,0.07509153383804179,4.215555675262034,6.564332942216154,0.11256380698661785,0.06004070111723873,0.04743259543184493,Transport,1
loop_seattle/D/short,tafsut,18.958449432404542,18.958449432404542,2.94679477876677,0.890287781963586,0.05445307209026703,0.05436817716395769,9.184821649407077,4.354130157954002,0.07781412929437594,0.05266316384687454,0.043600321013727086,Transport,1
loop_seattle/H/long,tafsut,61.25043859649123,61.25043859649123,4.239320766683867,0.885400777729597,0.13501843274316305,0.09920094545493637,8.33022178920047,7.826265942101075,0.1398658502656783,0.07576233774417382,0.061882270808410626,Transport,1
loop_seattle/H/medium,tafsut,66.73466202270382,66.73466202270382,4.453004466589268,0.9120404282876382,0.12182754500854619,0.10236166372387771,8.578969202061645,8.169128596288823,0.1443884172003431,0.07870634659968206,0.06449546768299975,Transport,1
loop_seattle/H/short,tafsut,60.10730677312476,60.10730677312476,4.134401224132312,0.8384518728893255,0.11741125910630873,0.09554676944574575,8.868621838142365,7.7528902206289985,0.13723405535450217,0.07318311369102079,0.060329295111208575,Transport,1
m4_daily/D/short,tafsut,355258.8889114198,355258.8889114198,179.982932846666,3.3118094537382796,0.03970347949855732,0.030157644181669073,28.02053192992654,596.0359795443726,0.09207109167794825,0.027802390592693613,0.0218188331375158,Econ/Fin,1
m4_hourly/H/short,tafsut,754381.5523349437,754381.5523349437,182.95125050322062,0.8895347826409209,0.0911803990362539,0.08336871603260869,9.7037423559495,868.5514103004748,0.11857643879570272,0.02497688392491066,0.02019593213182118,Econ/Fin,1
m4_monthly/M/short,tafsut,1822510.610962963,1822510.610962963,552.8865555555556,0.9294429055686821,0.15713018572771992,0.13028673412181713,7.65129405666808,1350.0039299805624,0.2805771737353064,0.1149088115293559,0.09182459365880069,Econ/Fin,1
m4_quarterly/Q/short,tafsut,1801518.2933333332,1801518.2933333332,557.5015416666666,1.1589545016141325,0.11315147908528646,0.10106582387288411,9.142760831352176,1342.2065017475265,0.22466174348031356,0.09331594518483104,0.07435874451017227,Econ/Fin,1
m4_weekly/W/short,tafsut,245336.75251767732,245336.75251767732,252.91525605313907,2.034857245820265,0.06036280829619871,0.06003456941273168,14.3815683508042,495.31480143205624,0.09023868075948205,0.04607724013939554,0.03646037893941169,Econ/Fin,1
m4_yearly/A/short,tafsut,3450455.8516583964,3450455.8516583964,874.3865238965788,3.2777838774992456,0.16467981213137678,0.14354039796572574,31.6023859465428,1857.540269188907,0.29786519735322814,0.14021193447245292,0.11420353372100406,Econ/Fin,1
m_dense/D/short,tafsut,7931.968888888889,7931.968888888889,45.70764467592593,0.6821411789234565,0.12148319411224749,0.09955763075086806,7.286085008058306,89.06160165238938,0.15417880639688095,0.07912669398033384,0.06430522648622863,Transport,1
m_dense/H/long,tafsut,35184.39506172839,35184.39506172839,80.11685185185185,0.69043123880064,0.2506161151225657,0.19178828486689814,7.4168318780018785,187.5750384825454,0.32472012024608754,0.13869411397984152,0.11499805087399044,Transport,1
m_dense/H/medium,tafsut,36448.22,36448.22,79.844296875,0.6908314882542944,0.25789966999250924,0.1923806423611111,8.077205598980317,190.91416919652664,0.33216653495943665,0.1389189893073889,0.11629401123593554,Transport,1
m_dense/H/short,tafsut,43880.91111111111,43880.91111111111,88.55078125,0.7906339527958582,0.29095413445279267,0.21377492268880208,9.848113327156513,209.47771029661155,0.3715612595664702,0.15706702049710722,0.13202864549505378,Transport,1
restaurant/D/short,tafsut,136.0632880358644,136.0632880358644,6.976520179555431,0.6702175397541312,0.6467269878934342,0.387885298461287,4.554238730380313,11.664616926237414,0.5368326975913139,0.32107562309798493,0.25208056508576787,Sales,1
saugeen/D/short,tafsut,1158.3346875,1158.3346875,12.651266276041667,2.8104927267781963,0.2841188303629557,0.3237067667643229,31.40869766189186,34.034316321912506,1.1023796148673641,0.409777529040242,0.33645797816426604,Nature,1
saugeen/M/short,tafsut,393.19614955357144,393.19614955357144,12.5198974609375,0.733502913560423,0.36627462932041716,0.356612659635998,4.516542225038141,19.829174202512103,0.5953312965248667,0.37588488111794627,0.29016014964089365,Nature,1
saugeen/W/short,tafsut,912.82578125,912.82578125,14.614717102050781,1.1856862931227248,0.3992656707763672,0.39135329723358153,10.592780200070262,30.213006822393563,0.9120047338143515,0.4411573882328318,0.35978309779203216,Nature,1
solar/10T/long,tafsut,22.32610502838605,22.32610502838605,1.8578661990571776,0.8098478412640063,3.76928824374722,1.4468653848103448,4.483181396927182,4.725050796381564,1.0212440781214103,0.40154803313057535,0.3085280466811273,Energy,1
solar/10T/medium,tafsut,22.00267086927671,22.00267086927671,1.85942424933643,0.8145093454072397,3.888471208283671,1.4482926480285667,5.664139100502043,4.690700466804154,1.0408850419797029,0.4126136174172036,0.32264716343937644,Energy,1
solar/10T/short,tafsut,23.700355459245742,23.700355459245742,1.9975486142791972,0.8777279063719239,5.567670954723809,1.507366156288017,6.288566596725792,4.868301085516974,1.4161882096293785,0.581086655490474,0.45310782139074784,Energy,1
solar/D/short,tafsut,130285.60194647202,130285.60194647202,246.2137013381995,0.9599465494109694,1.0867810028892944,0.41849724614127126,5.244904671490346,360.95096889532243,0.5214512085743787,0.3556949369697039,0.2707794942482983,Energy,1
solar/H/long,tafsut,422.18588807785886,422.18588807785886,7.949769363341444,0.6040253237034914,2.7004944747204185,1.3636700176907715,4.267191490532029,20.54716253106153,0.7124075710915277,0.275632991870013,0.22628083081755174,Energy,1
solar/H/medium,tafsut,330.45097323600976,330.45097323600976,6.9622590670620434,0.5312422300140296,1.6587344623953602,1.3628040174498175,4.220098446294561,18.178310516547178,0.6548251731904176,0.25079682158776406,0.20815489348485267,Energy,1
solar/H/short,tafsut,344.72573312844156,344.72573312844156,7.039837847355615,0.5418379520096699,1.7530019273236814,1.3725500274122806,4.028290148803619,18.566791137093173,0.6843780735349418,0.25949075574757086,0.21626830773065536,Energy,1
solar/W/short,tafsut,2272562.686131387,2272562.686131387,1189.940579379562,1.3010194087374065,0.2715398969441435,0.22776318292548187,6.147109823616228,1507.5021347020995,0.30771887510613677,0.24289662223409225,0.17536685704886634,Energy,1
sz_taxi/15T/long,tafsut,15.454629629629629,15.454629629629629,2.6982207643340455,0.5087640089839289,5669984556709.415,0.40053112758190884,3.6897524708382337,3.931237671475693,0.36386835609051116,0.24974250755970404,0.19814836734007293,Transport,1
sz_taxi/15T/medium,tafsut,16.2757328392094,16.2757328392094,2.7567366119123933,0.5372867453750577,9354803108725.717,0.4070846166366186,3.7643778390478557,4.034319377442668,0.37546075692708336,0.256560355817278,0.2023942930898276,Transport,1
sz_taxi/15T/short,tafsut,16.63198737026862,16.63198737026862,2.7272269559867217,0.5438681370791167,1026750624179.1062,0.39300771859975964,3.862584099055289,4.078233363880569,0.38133224546105005,0.25500737358951603,0.20051581424247364,Transport,1
sz_taxi/H/short,tafsut,7.166240985576923,7.166240985576923,1.8412702511518428,0.5603887724652231,1.1142484224759615,0.2947552998860677,3.9820408432398486,2.6769835609463355,0.24937753806730265,0.17152568616689218,0.13537325397493322,Transport,1
temperature_rain/D/short,tafsut,185.54378330871606,185.54378330871606,5.8290046009261465,1.3462183935732837,17.049233197874745,1.5312797266784184,20.264270921327707,13.621445712871893,1.6036043405559661,0.6862279728746276,0.5549251501383967,Nature,1
us_births/D/short,tafsut,157750.77333333335,157750.77333333335,258.5390364583333,0.3807345149340303,0.024905589421590168,0.024615453084309895,3.0839152577609616,397.17851569959487,0.03723226292907722,0.02423593674469429,0.019695086437754278,Healthcare,1
us_births/M/short,tafsut,42158269.333333336,42158269.333333336,5255.231770833333,0.593494708247637,0.016307875514030457,0.016459835072358448,4.141884269384345,6492.939960706039,0.02016702724964756,0.016322714050490766,0.013286422195381264,Healthcare,1
us_births/W/short,tafsut,2358644.285714286,2358644.285714286,1184.9112723214287,1.0771729205387572,0.016080466764313833,0.016057680760111128,6.563324374409568,1535.7878387701492,0.02084816932051031,0.016085054335969125,0.012675745383152954,Healthcare,1
